country,alpha_2_code,alpha_3_code,numeric_code,iso3c,year,Population_total,GDP per capita (constant 2015 US$),GNI (current US$),Inflation_consumer prices (annual %),Life expectancy at birth_total (years),Military expenditure (% of GDP)
Afghanistan,AF,AFG,4,AFG,2009,27385307,512.4092792,12120176205,-6.811161089,60.364,2.087412553
Afghanistan,AF,AFG,4,AFG,2010,28189672,569.282712,15661395679,2.178537524,60.851,1.945835694
Afghanistan,AF,AFG,4,AFG,2011,29249157,551.0009703,18170576454,11.80418581,61.419,1.821345454
Afghanistan,AF,AFG,4,AFG,2012,30466479,596.4428151,20235386309,6.441212809,61.923,1.17541612
Afghanistan,AF,AFG,4,AFG,2013,31541209,608.3867146,20636233967,7.385771784,62.417,1.076949768
Afghanistan,AF,AFG,4,AFG,2014,32716210,602.5169793,20548204591,4.673996035,62.545,1.298012878
Afghanistan,AF,AFG,4,AFG,2015,33753499,592.4765375,20178945326,-0.661709165,62.659,0.994575823
Afghanistan,AF,AFG,4,AFG,2016,34636207,590.4277388,18199126228,4.383891955,63.136,0.956772141
Afghanistan,AF,AFG,4,AFG,2017,35643418,588.9304508,19145017023,4.975951506,63.016,0.9452268
Afghanistan,AF,AFG,4,AFG,2018,36686784,578.985909,18610257350,0.626149149,63.081,1.006746292
Afghanistan,AF,AFG,4,AFG,2019,37769499,584.3868829,19205014965,2.302372515,63.565,1.118230603
Afghanistan,AF,AFG,4,AFG,2020,38972230,553.0364789,20332384125,,62.575,1.358856927
Afghanistan,AF,AFG,4,AFG,2021,40099462,426.0300153,14910923352,,,
Angola,AO,AGO,24,AGO,2009,22507674,2963.315988,63484003236,13.73028393,55.752,4.709610048
Angola,AO,AGO,24,AGO,2010,23364185,2993.420974,73815311614,14.46965649,56.726,4.177584566
Angola,AO,AGO,24,AGO,2011,24259111,2983.032611,99943407585,13.48246792,57.596,3.255660351
Angola,AO,AGO,24,AGO,2012,25188292,3118.343699,1.15E+11,10.27790492,58.623,3.236659499
Angola,AO,AGO,24,AGO,2013,26147002,3152.704327,1.24E+11,8.777814293,59.307,4.455239422
Angola,AO,AGO,24,AGO,2014,27128337,3185.122401,1.29E+11,7.280387304,60.04,4.698454516
Angola,AO,AGO,24,AGO,2015,28127721,3100.830685,82784875171,9.353839725,60.655,3.105426293
Angola,AO,AGO,24,AGO,2016,29154746,2914.415459,47241256785,30.69895786,61.092,2.733340655
Angola,AO,AGO,24,AGO,2017,30208628,2808.521753,64733551804,29.84257779,61.68,2.507985456
Angola,AO,AGO,24,AGO,2018,31273533,2677.177816,71783442934,19.63059436,62.144,1.871775866
Angola,AO,AGO,24,AGO,2019,32353588,2569.691347,63042950936,17.07970441,62.448,1.643740283
Angola,AO,AGO,24,AGO,2020,33428486,2347.787032,49106329133,22.27156431,62.261,1.444163082
Angola,AO,AGO,24,AGO,2021,34503774,2299.640572,62080347392,25.75426565,,1.132059821
Benin,BJ,BEN,204,BEN,2009,9172514,970.9659689,9705498738,0.896072356,57.956,
Benin,BJ,BEN,204,BEN,2010,9445710,962.8161095,9481809629,2.207835325,58.363,
Benin,BJ,BEN,204,BEN,2011,9726380,962.7445897,10677799712,2.704239077,58.462,
Benin,BJ,BEN,204,BEN,2012,10014078,980.0746132,11074623453,6.744682533,58.716,0.702056158
Benin,BJ,BEN,204,BEN,2013,10308730,1020.528234,12448828493,0.428888889,58.965,0.687239683
Benin,BJ,BEN,204,BEN,2014,10614844,1054.108767,13223293316,-0.548757551,59.125,0.700924949
Benin,BJ,BEN,204,BEN,2015,10932783,1041.652523,11295642530,0.218785924,59.377,0.798484705
Benin,BJ,BEN,204,BEN,2016,11260085,1045.150937,11718306954,-0.794050174,59.539,0.673596727
Benin,BJ,BEN,204,BEN,2017,11596779,1072.361966,12561417748,1.769412474,59.856,0.920613124
Benin,BJ,BEN,204,BEN,2018,11940683,1111.22724,14105968058,0.644803622,60.14,0.63285754
Benin,BJ,BEN,204,BEN,2019,12290444,1153.72621,14248201880,-0.705026635,60.454,0.472934841
Benin,BJ,BEN,204,BEN,2020,12643123,1164.705946,15488837235,3.022721197,60.088,0.470634917
Benin,BJ,BEN,204,BEN,2021,12996895,1214.07759,17599874023,1.733539627,,0.560621374
Burkina Faso,BF,BFA,854,BFA,2009,15650022,535.5168327,9333204307,2.608176664,55.959,1.521454726
Burkina Faso,BF,BFA,854,BFA,2010,16116845,563.9267748,9807542029,-0.764230735,56.477,1.377516262
Burkina Faso,BF,BFA,854,BFA,2011,16602651,583.6794751,11592645415,2.759767249,57.125,1.294759503
Burkina Faso,BF,BFA,854,BFA,2012,17113732,602.7867568,12243495999,3.818152403,57.619,1.323023735
Burkina Faso,BF,BFA,854,BFA,2013,17636408,618.8045811,13080708252,0.533738507,57.823,1.390102776
Burkina Faso,BF,BFA,854,BFA,2014,18169842,626.6262487,13337501703,-0.258089518,58.359,1.431285455
Burkina Faso,BF,BFA,854,BFA,2015,18718019,632.1266837,11293125627,0.724838981,58.845,1.419815231
Burkina Faso,BF,BFA,854,BFA,2016,19275498,650.4172587,12261728543,0.441041448,59.326,1.375362376
Burkina Faso,BF,BFA,854,BFA,2017,19835858,671.251794,13577335799,1.482998972,59.536,1.556273179
Burkina Faso,BF,BFA,854,BFA,2018,20392723,696.0445685,15387935652,1.955943027,60.047,2.165041746
Burkina Faso,BF,BFA,854,BFA,2019,20951639,716.012195,15326472488,-3.23338934,60.039,2.606037509
Burkina Faso,BF,BFA,854,BFA,2020,21522626,710.4713527,16664828374,1.884439938,59.731,2.733953813
Burkina Faso,BF,BFA,854,BFA,2021,22100683,739.6727224,18717882893,3.653532872,,2.891133818
Burundi,BI,BDI,108,BDI,2009,8709366,296.8471011,1764475696,10.55543553,56.388,
Burundi,BI,BDI,108,BDI,2010,9126605,297.7917333,2021267305,6.493265915,57.081,
Burundi,BI,BDI,108,BDI,2011,9455733,299.0171819,2218331639,9.59216606,57.769,
Burundi,BI,BDI,108,BDI,2012,9795479,301.4813256,2326835750,18.16104531,58.493,2.527177708
Burundi,BI,BDI,108,BDI,2013,10149577,305.2908416,2453391210,7.937958075,59.235,2.367638193
Burundi,BI,BDI,108,BDI,2014,10494913,307.7655378,2698322168,4.405352342,59.868,2.119090371
Burundi,BI,BDI,108,BDI,2015,10727148,289.3596333,3104359958,5.544688913,60.217,2.201862734
Burundi,BI,BDI,108,BDI,2016,10903327,282.9759725,2638052589,5.557689614,60.793,2.115625208
Burundi,BI,BDI,108,BDI,2017,11155593,277.9598089,2713792163,16.0525353,61.553,1.870652158
Burundi,BI,BDI,108,BDI,2018,11493472,274.1319142,2665763960,-2.814698077,61.688,1.882161447
Burundi,BI,BDI,108,BDI,2019,11874838,270.1372831,2583933984,-0.686772171,62.351,2.497152014
Burundi,BI,BDI,108,BDI,2020,12220227,263.3609942,2664216795,7.321106434,61.566,1.97921599
Burundi,BI,BDI,108,BDI,2021,12551213,261.0193796,2787941798,8.404538451,,1.922801846
Cameroon,CM,CMR,120,CMR,2009,19319274,1277.181615,27818824888,3.043618479,56.102,1.319340142
Cameroon,CM,CMR,120,CMR,2010,19878036,1277.265689,27243247447,1.275380462,56.582,1.354256639
Cameroon,CM,CMR,120,CMR,2011,20448873,1283.567037,30327345840,2.939699463,57.133,1.18443512
Cameroon,CM,CMR,120,CMR,2012,21032684,1305.668029,29709679445,2.742534075,57.792,1.217846576
Cameroon,CM,CMR,120,CMR,2013,21632850,1332.86,33109063702,2.05908684,58.476,1.214414615
Cameroon,CM,CMR,120,CMR,2014,22299585,1366.96659,36096675700,1.834130781,58.935,1.149088972
Cameroon,CM,CMR,120,CMR,2015,23012646,1399.675331,31773333574,2.685982772,59.658,1.144433296
Cameroon,CM,CMR,120,CMR,2016,23711630,1420.029867,33255787660,0.861740258,60.233,1.187536437
Cameroon,CM,CMR,120,CMR,2017,24393181,1429.23468,35437229950,0.642673522,60.81,1.173793483
Cameroon,CM,CMR,120,CMR,2018,25076747,1445.267766,39233893813,1.074299452,61.18,1.11159531
Cameroon,CM,CMR,120,CMR,2019,25782341,1454.564064,38827845867,2.452802141,61.584,1.086759173
Cameroon,CM,CMR,120,CMR,2020,26491087,1419.328204,39888925373,2.437608822,60.833,1.010443012
Cameroon,CM,CMR,120,CMR,2021,27198628,1432.862685,44306780490,2.271857625,,1.024089314
Central African Republic,CF,CAF,140,CAF,2009,4564540,488.3880234,2061529915,3.521262272,48.648,1.816206731
Central African Republic,CF,CAF,140,CAF,2010,4660067,500.5292757,2152234701,1.4910237,49.255,2.597425043
Central African Republic,CF,CAF,140,CAF,2011,4732022,513.594265,2447711151,1.194475724,49.948,2.271558766
Central African Republic,CF,CAF,140,CAF,2012,4773306,534.8835608,2521348254,5.478295943,50.686,1.970128935
Central African Republic,CF,CAF,140,CAF,2013,4802428,338.1657046,1706709152,6.98879342,50.902,3.155823963
Central African Republic,CF,CAF,140,CAF,2014,4798734,338.7003837,1914517017,14.89868418,50.566,2.25538964
Central African Republic,CF,CAF,140,CAF,2015,4819333,351.8797536,1716880210,1.402970171,52.793,1.686089014
Central African Republic,CF,CAF,140,CAF,2016,4904177,362.2183299,1847781813,4.945432761,53.46,1.528332632
Central African Republic,CF,CAF,140,CAF,2017,4996741,371.6031298,2177935400,4.180723319,53.721,1.435967607
Central African Republic,CF,CAF,140,CAF,2018,5094780,378.2630765,2386745258,1.61215687,54.369,1.43304054
Central African Republic,CF,CAF,140,CAF,2019,5209324,381.4140451,2386023522,2.685373553,55.025,1.915529229
Central African Republic,CF,CAF,140,CAF,2020,5343020,375.2169228,2456788006,1.710156595,54.604,2.010143679
Central African Republic,CF,CAF,140,CAF,2021,5457154,370.6757491,2688202098,4.259364175,,1.858675078
Chad,TD,TCD,148,TCD,2009,11496128,662.9232506,8903736313,9.952422907,49.196,7.95566213
Chad,TD,TCD,148,TCD,2010,11894727,727.5249426,10312399365,-2.077865746,49.584,5.764933115
Chad,TD,TCD,148,TCD,2011,12317730,703.1232127,11856128212,2.029240537,50.009,5.010096531
Chad,TD,TCD,148,TCD,2012,12754906,739.3383623,12067690556,7.516623647,50.54,
Chad,TD,TCD,148,TCD,2013,13216766,754.1718107,12362322221,0.222671565,50.781,5.592313244
Chad,TD,TCD,148,TCD,2014,13697126,777.9356784,13336602011,1.681973139,51.202,2.806513955
Chad,TD,TCD,148,TCD,2015,14140274,774.4116005,10618477273,4.377126651,51.589,2.018821854
Chad,TD,TCD,148,TCD,2016,14592585,703.4660047,9911697594,-0.792440525,52.083,3.068475119
Chad,TD,TCD,148,TCD,2017,15085884,660.1261315,9869508954,-1.53709963,52.308,2.238589247
Chad,TD,TCD,148,TCD,2018,15604210,653.3497593,11075017680,4.274621986,52.825,2.339468546
Chad,TD,TCD,148,TCD,2019,16126866,652.7032138,11140998595,-0.971939175,53.259,2.187152986
Chad,TD,TCD,148,TCD,2020,16644701,622.2785042,9948225336,4.464144372,52.777,3.078405674
Chad,TD,TCD,148,TCD,2021,17179740,595.6637846,11381134158,-0.77284437,,2.794138043
Comoros,KM,COM,174,COM,2009,642493,1249.839329,904095344.4,4.362348293,60.831,
Comoros,KM,COM,174,COM,2010,656024,1270.302578,907127359.3,3.354757703,61.123,
Comoros,KM,COM,174,COM,2011,670071,1295.204313,1022301333,1.842663008,61.503,
Comoros,KM,COM,174,COM,2012,684553,1307.972953,1014150701,6.314744503,61.834,
Comoros,KM,COM,174,COM,2013,699393,1337.397645,1116441522,-4.294873315,62.224,
Comoros,KM,COM,174,COM,2014,714612,1336.489622,1154095444,,62.516,
Comoros,KM,COM,174,COM,2015,730216,1322.936695,971041170.1,,62.896,
Comoros,KM,COM,174,COM,2016,746232,1337.527789,1018354739,,63.237,
Comoros,KM,COM,174,COM,2017,761664,1360.431104,1082473296,,63.625,
Comoros,KM,COM,174,COM,2018,776313,1383.377789,1195077589,,63.912,
Comoros,KM,COM,174,COM,2019,790986,1381.622155,1200664080,,64.068,
Comoros,KM,COM,174,COM,2020,806166,1352.955411,1229785158,,64.166,
Comoros,KM,COM,174,COM,2021,821625,1355.53873,1302398117,,,
"Congo, the Democratic Republic of the",CD,COD,180,COD,2009,64270232,379.0548651,17862577173,2.8,55.836,0.656239765
"Congo, the Democratic Republic of the",CD,COD,180,COD,2010,66391257,393.0274343,20654939478,7.1,56.417,0.851731339
"Congo, the Democratic Republic of the",CD,COD,180,COD,2011,68654269,406.2010116,24543304632,15.31651591,57.069,0.92410908
"Congo, the Democratic Republic of the",CD,COD,180,COD,2012,70997870,420.6293478,27710051938,9.721828063,57.248,1.134550276
"Congo, the Democratic Republic of the",CD,COD,180,COD,2013,73460021,441.0129597,29868627089,0.808223101,57.762,1.146177977
"Congo, the Democratic Republic of the",CD,COD,180,COD,2014,76035588,466.4249271,32869069198,1.243038898,58.296,0.95024714
"Congo, the Democratic Republic of the",CD,COD,180,COD,2015,78656904,482.0645483,35126776383,0.744198995,58.49,1.295639749
"Congo, the Democratic Republic of the",CD,COD,180,COD,2016,81430977,476.8148846,36345365361,2.885851073,59.066,1.066108209
"Congo, the Democratic Republic of the",CD,COD,180,COD,2017,84283273,477.8478711,36945659018,,59.411,0.770467136
"Congo, the Democratic Republic of the",CD,COD,180,COD,2018,87087355,489.382354,45864379412,,59.942,0.623912515
"Congo, the Democratic Republic of the",CD,COD,180,COD,2019,89906890,494.8192269,48961722123,,60.276,0.708059013
"Congo, the Democratic Republic of the",CD,COD,180,COD,2020,92853164,487.4331126,47444089515,,59.739,0.749453965
"Congo, the Democratic Republic of the",CD,COD,180,COD,2021,95894118,501.2390674,51986874182,,,0.56168578
Ivory Coast,CI,CIV,384,CIV,2009,20677762,1568.021131,23436745169,1.019504577,54.394,1.730239456
Ivory Coast,CI,CIV,384,CIV,2010,21120042,1640.315029,23995589514,1.226456121,55.023,1.557966049
Ivory Coast,CI,CIV,384,CIV,2011,21562914,1520.342298,24425276237,4.912433951,55.52,1.392028045
Ivory Coast,CI,CIV,384,CIV,2012,22010712,1602.910918,25926661657,1.304511199,56.158,1.521417072
Ivory Coast,CI,CIV,384,CIV,2013,22469268,1739.155189,29861784272,2.581170373,56.748,1.37538725
Ivory Coast,CI,CIV,384,CIV,2014,22995555,1858.615347,47933654936,0.448682077,57.208,1.475969049
Ivory Coast,CI,CIV,384,CIV,2015,23596741,1941.566336,44807384563,1.251499548,57.762,1.719446027
Ivory Coast,CI,CIV,384,CIV,2016,24213622,2027.939729,46887633191,0.723178458,58.06,1.707463673
Ivory Coast,CI,CIV,384,CIV,2017,24848016,2121.603009,50051967023,0.685881065,58.48,1.329599894
Ivory Coast,CI,CIV,384,CIV,2018,25493988,2210.325815,55809155337,0.359409031,58.849,1.413435448
Ivory Coast,CI,CIV,384,CIV,2019,26147551,2289.376521,56975603680,-1.10686344,59.319,1.227480729
Ivory Coast,CI,CIV,384,CIV,2020,26811790,2276.839523,59502171962,2.425006568,59.032,1.328239978
Ivory Coast,CI,CIV,384,CIV,2021,27478249,2377.97344,67930954950,4.091951897,,1.251481329
Swaziland,SZ,SWZ,748,SWZ,2009,1094886,3096.296069,3504865655,7.448234234,44.639,2.12018175
Swaziland,SZ,SWZ,748,SWZ,2010,1099920,3199.053542,4212626974,4.509236918,46.619,2.298660667
Swaziland,SZ,SWZ,748,SWZ,2011,1105371,3254.813373,4528166008,6.107427146,48.195,2.212008111
Swaziland,SZ,SWZ,748,SWZ,2012,1111444,3411.719361,4571205993,8.939646828,49.835,1.854835065
Swaziland,SZ,SWZ,748,SWZ,2013,1118319,3521.669337,4400158994,5.621306235,51.486,1.871369711
Swaziland,SZ,SWZ,748,SWZ,2014,1125865,3530.360904,4235837856,5.681348858,53.05,1.839659052
Swaziland,SZ,SWZ,748,SWZ,2015,1133936,3583.31129,3903725442,4.951244937,55.019,1.805081503
Swaziland,SZ,SWZ,748,SWZ,2016,1142524,3594.167067,3610868073,7.847274591,56.659,2.098442667
Swaziland,SZ,SWZ,748,SWZ,2017,1151390,3638.768782,4107866513,6.221375289,57.895,1.958201682
Swaziland,SZ,SWZ,748,SWZ,2018,1160428,3695.949942,4343596151,4.815061675,59.411,2.03576227
Swaziland,SZ,SWZ,748,SWZ,2019,1169613,3766.062999,4042424127,2.598016203,60.549,1.886147697
Swaziland,SZ,SWZ,748,SWZ,2020,1180655,3672.65335,3590271045,,59.692,1.835023769
Swaziland,SZ,SWZ,748,SWZ,2021,1192271,3923.577333,4361962647,,,1.698023627
Gabon,GA,GAB,266,GAB,2009,1653542,6295.199034,10736261661,1.885707546,63.303,
Gabon,GA,GAB,266,GAB,2010,1711105,6514.731141,12484463860,1.461544027,63.898,1.871622566
Gabon,GA,GAB,266,GAB,2011,1772500,6735.082856,15711224401,1.263317078,64.045,1.46243423
Gabon,GA,GAB,266,GAB,2012,1836705,6840.948589,15456971601,2.652418287,64.587,1.619804648
Gabon,GA,GAB,266,GAB,2013,1902226,6977.770246,15890972052,0.505441059,64.776,1.604047179
Gabon,GA,GAB,266,GAB,2014,1966855,7039.682125,17256250321,4.690457518,64.974,1.144818396
Gabon,GA,GAB,266,GAB,2015,2028517,7090.45461,13188718851,-0.338795189,65.46,1.185025608
Gabon,GA,GAB,266,GAB,2016,2086206,7038.577254,12934875312,2.106707128,65.802,1.447542623
Gabon,GA,GAB,266,GAB,2017,2140215,6893.384304,13985729748,2.651925831,66.189,1.810489535
Gabon,GA,GAB,266,GAB,2018,2192012,6786.890327,15754973532,4.749066521,66.306,1.548722767
Gabon,GA,GAB,266,GAB,2019,2242785,6893.323082,15511133836,2.464567562,66.603,1.580901717
Gabon,GA,GAB,266,GAB,2020,2292573,6619.688581,14503352838,1.17681176,66.531,1.710261135
Gabon,GA,GAB,266,GAB,2021,2341179,6577.044153,17052331402,,,1.710036103
Gambia,GM,GMB,270,GMB,2009,1878119,679.0037402,1422147063,4.561506877,60.427,0.489283634
Gambia,GM,GMB,270,GMB,2010,1937275,697.162699,1513386209,5.049680759,60.717,
Gambia,GM,GMB,270,GMB,2011,1998212,620.9483398,1377827103,4.795882662,61.526,
Gambia,GM,GMB,270,GMB,2012,2061014,633.5828401,1385746819,4.254321998,62.096,0.78961347
Gambia,GM,GMB,270,GMB,2013,2124869,632.1972706,1345938956,5.699129896,62.114,0.754494266
Gambia,GM,GMB,270,GMB,2014,2189019,605.0338079,1200490602,5.947999357,62.269,1.187509127
Gambia,GM,GMB,270,GMB,2015,2253133,611.6713342,1345126869,6.808454946,62.494,1.008858467
Gambia,GM,GMB,270,GMB,2016,2317206,606.3163144,1456755151,7.228792721,63.013,
Gambia,GM,GMB,270,GMB,2017,2381182,618.4808851,1476610604,8.034189745,62.995,
Gambia,GM,GMB,270,GMB,2018,2444916,645.9383087,1641471457,6.520968239,63.04,0.702928018
Gambia,GM,GMB,270,GMB,2019,2508883,668.6352484,1783608280,7.115676256,63.755,0.810245701
Gambia,GM,GMB,270,GMB,2020,2573995,655.5762426,1785258593,5.931276366,62.612,0.828282147
Gambia,GM,GMB,270,GMB,2021,2639916,666.4712123,1987167103,7.370347589,,0.748651383
Ghana,GH,GHA,288,GHA,2009,24950762,1306.199915,25953825267,19.24694822,60.946,0.455352364
Ghana,GH,GHA,288,GHA,2010,25574719,1375.000574,31663124545,10.73338984,61.157,0.380677684
Ghana,GH,GHA,288,GHA,2011,26205941,1530.376638,38114303104,8.728459371,61.652,0.592259763
Ghana,GH,GHA,288,GHA,2012,26858762,1631.937814,39174956052,11.18634094,62.081,0.804165256
Ghana,GH,GHA,288,GHA,2013,27525597,1708.847326,61072600585,11.66619231,62.42,0.533396427
Ghana,GH,GHA,288,GHA,2014,28196358,1715.843363,51920119658,15.48961603,63.045,0.678998541
Ghana,GH,GHA,288,GHA,2015,28870939,1711.290666,47921089700,17.1499695,63.175,0.526514224
Ghana,GH,GHA,288,GHA,2016,29554303,1728.116616,53961581129,17.45463471,63.89,0.38237993
Ghana,GH,GHA,288,GHA,2017,30222262,1827.294579,57431697460,12.37192155,64.013,0.401629021
Ghana,GH,GHA,288,GHA,2018,30870641,1899.829903,64270236560,7.808765166,64.122,0.419660326
Ghana,GH,GHA,288,GHA,2019,31522290,1981.636156,65527306781,7.143640033,64.74,0.441936078
Ghana,GH,GHA,288,GHA,2020,32180401,1951.086529,70776628000,9.887289563,64.114,0.446156223
Ghana,GH,GHA,288,GHA,2021,32833031,2014.736474,75637343975,9.971088675,,0.492100595
Guinea,GN,GIN,324,GIN,2009,10021323,668.8147463,6548704567,4.68438869,56.348,
Guinea,GN,GIN,324,GIN,2010,10270728,683.9845886,6776357857,15.46198107,56.72,
Guinea,GN,GIN,324,GIN,2011,10527712,704.7373277,6651747174,21.35046642,57.019,
Guinea,GN,GIN,324,GIN,2012,10788692,728.3684414,7516065254,15.22510139,57.406,2.286598227
Guinea,GN,GIN,324,GIN,2013,11055430,738.840597,7971453845,11.88789561,57.791,2.349606844
Guinea,GN,GIN,324,GIN,2014,11333365,747.3634151,8494333615,7.07202121,57.886,2.240219514
Guinea,GN,GIN,324,GIN,2015,11625998,756.4255941,8650959121,10.82068212,58.134,2.517735345
Guinea,GN,GIN,324,GIN,2016,11930985,816.8470839,8446956121,8.172116963,58.763,1.88205381
Guinea,GN,GIN,324,GIN,2017,12240789,878.1792764,10274041360,8.91452597,59.109,1.768122506
Guinea,GN,GIN,324,GIN,2018,12554864,910.652647,11448771522,9.826001808,59.349,1.636814205
Guinea,GN,GIN,324,GIN,2019,12877539,937.7031368,12782497681,9.470779373,59.72,1.445135682
Guinea,GN,GIN,324,GIN,2020,13205153,959.4319784,12861450266,10.60186,59.327,1.438899366
Guinea,GN,GIN,324,GIN,2021,13531906,972.7790353,14217021446,12.59706951,,1.484541117
Guinea-Bissau,GW,GNB,624,GNB,2009,1527196,558.192083,819881779.8,-1.651397336,55.541,1.662384767
Guinea-Bissau,GW,GNB,624,GNB,2010,1567220,569.0176241,846239040.5,2.517851402,56.23,2.017526129
Guinea-Bissau,GW,GNB,624,GNB,2011,1609017,599.0451997,1106262188,5.046102263,56.967,1.595059118
Guinea-Bissau,GW,GNB,624,GNB,2012,1652717,573.2171965,994656463.2,2.130545803,57.69,2.4755946
Guinea-Bissau,GW,GNB,624,GNB,2013,1697753,576.1798854,1026052962,1.207125557,58.232,2.076018119
Guinea-Bissau,GW,GNB,624,GNB,2014,1743309,566.5355767,1092300692,-1.509244606,58.61,2.03802352
Guinea-Bissau,GW,GNB,624,GNB,2015,1788919,585.9570106,1073811498,1.476720489,59.128,1.625961245
Guinea-Bissau,GW,GNB,624,GNB,2016,1834552,607.1663348,1208741920,1.503120559,59.674,1.335409609
Guinea-Bissau,GW,GNB,624,GNB,2017,1879826,627.6169351,1352932628,1.691114618,60.066,1.424578577
Guinea-Bissau,GW,GNB,624,GNB,2018,1924955,620.7710283,1453500084,0.381324703,60.502,1.485369528
Guinea-Bissau,GW,GNB,624,GNB,2019,1970457,633.7257438,1470018484,0.246600268,60.882,1.652794305
Guinea-Bissau,GW,GNB,624,GNB,2020,2015828,604.595146,1456255017,1.140009394,59.999,1.736152603
Guinea-Bissau,GW,GNB,624,GNB,2021,2060721,613.8981099,1640828020,2.242488796,,1.782638659
Guyana,GY,GUY,328,GUY,2009,751258,4654.5258,3148777420,2.952300964,66.563,1.533188256
Guyana,GY,GUY,328,GUY,2010,747932,4868.705563,3445692953,3.733377577,66.743,1.375436888
Guyana,GY,GUY,328,GUY,2011,744230,5147.172443,3682055317,4.977735637,66.982,1.258127723
Guyana,GY,GUY,328,GUY,2012,743966,5420.67715,4087056241,2.391935213,67.23,1.172176328
Guyana,GY,GUY,328,GUY,2013,747420,5592.756441,4196342418,1.901251819,67.473,1.176947343
Guyana,GY,GUY,328,GUY,2014,751115,5659.075248,4154314709,0.852630498,67.882,1.276332004
Guyana,GY,GUY,328,GUY,2015,755031,5668.429765,4304537269,-1.001734328,68.201,1.452213332
Guyana,GY,GUY,328,GUY,2016,759087,5852.837731,4478082235,0.836008062,68.384,1.476476872
Guyana,GY,GUY,328,GUY,2017,763252,6038.273456,4736697060,1.904656155,68.667,1.650397728
Guyana,GY,GUY,328,GUY,2018,785514,6127.705381,4759901433,1.282842884,68.896,1.593320009
Guyana,GY,GUY,328,GUY,2019,798753,6348.69809,5127130584,2.087230892,69.124,1.60417879
Guyana,GY,GUY,328,GUY,2020,797202,9126.806047,5363089689,0.993337023,68.486,1.390158582
Guyana,GY,GUY,328,GUY,2021,804567,10857.33815,7654530395,5.032855746,,0.956516235
Haiti,HT,HTI,332,HTI,2009,9730638,1405.374109,11609810894,0.39388604,61.741,
Haiti,HT,HTI,332,HTI,2010,9842880,1310.82894,11881597691,4.827341901,46.019,
Haiti,HT,HTI,332,HTI,2011,9954312,1362.235822,13046551848,6.332794838,61.623,
Haiti,HT,HTI,332,HTI,2012,10108539,1348.191835,13763469544,5.018041554,62.291,
Haiti,HT,HTI,332,HTI,2013,10261206,1385.572235,14934000886,4.765024048,62.605,0.061519765
Haiti,HT,HTI,332,HTI,2014,10412740,1388.928403,15188360079,3.4381666,62.987,0.061983735
Haiti,HT,HTI,332,HTI,2015,10563757,1404.155214,14873787397,6.731840697,63.237,0.088753765
Haiti,HT,HTI,332,HTI,2016,10713849,1409.577516,14035590264,11.50290739,63.392,0.084630059
Haiti,HT,HTI,332,HTI,2017,10863543,1425.050912,15094067853,10.68008872,63.854,0.088102973
Haiti,HT,HTI,332,HTI,2018,11012421,1429.231353,16505312917,12.48141112,64.019,0.150080164
Haiti,HT,HTI,332,HTI,2019,11160438,1386.518517,14835495479,18.70378257,64.255,0.139421258
Haiti,HT,HTI,332,HTI,2020,11306801,1322.814058,14536821917,22.79631136,64.052,0.289407472
Haiti,HT,HTI,332,HTI,2021,11447569,1283.05287,20967472007,16.84152402,,0.188540702
India,IN,IND,356,IND,2009,1223640160,1156.880366,1.33E+12,10.88235294,66.513,3.129387179
India,IN,IND,356,IND,2010,1240613620,1238.014405,1.66E+12,11.98938992,66.909,2.889461328
India,IN,IND,356,IND,2011,1257621191,1285.282701,1.81E+12,8.911793365,67.359,2.704483558
India,IN,IND,356,IND,2012,1274487215,1337.475763,1.81E+12,9.478996914,67.887,2.618167619
India,IN,IND,356,IND,2013,1291132063,1404.544982,1.83E+12,10.01787847,68.46,2.548825679
India,IN,IND,356,IND,2014,1307246509,1490.028121,2.02E+12,6.665656719,69.074,2.543982503
India,IN,IND,356,IND,2015,1322866505,1590.173918,2.08E+12,4.906973441,69.636,2.457450601
India,IN,IND,356,IND,2016,1338636340,1701.183796,2.25E+12,4.948216341,70.117,2.543151188
India,IN,IND,356,IND,2017,1354195680,1795.911383,2.62E+12,3.328173375,70.467,2.531462588
India,IN,IND,356,IND,2018,1369003306,1891.137944,2.67E+12,3.938826467,70.71,2.433922067
India,IN,IND,356,IND,2019,1383112050,1941.815083,2.80E+12,3.729505735,70.91,2.519120764
India,IN,IND,356,IND,2020,1396387127,1796.48874,2.63E+12,6.623436776,70.15,2.88463275
India,IN,IND,356,IND,2021,1407563842,1936.942702,3.13E+12,5.131407472,,2.657790031
Kenya,KE,KEN,404,KEN,2009,40364444,1278.14029,36976859034,9.234125924,60.365,1.561448035
Kenya,KE,KEN,404,KEN,2010,41517895,1342.768059,39852460837,3.961388891,60.649,1.555137868
Kenya,KE,KEN,404,KEN,2011,42635144,1374.543588,41961912290,14.02249396,61.046,1.541418951
Kenya,KE,KEN,404,KEN,2012,43725806,1401.490154,50187342659,9.377767482,61.115,1.666388978
Kenya,KE,KEN,404,KEN,2013,44792368,1420.078013,54496759863,5.71749357,61.389,1.561909916
Kenya,KE,KEN,404,KEN,2014,45831863,1457.542368,60579806471,6.878154993,61.816,1.33290268
Kenya,KE,KEN,404,KEN,2015,46851488,1496.652856,63195105853,6.582174403,61.892,1.318070261
Kenya,KE,KEN,404,KEN,2016,47894670,1525.742821,73804795654,6.297157525,62.163,1.348739783
Kenya,KE,KEN,404,KEN,2017,48948137,1550.202715,80474762332,8.005722791,62.481,1.289110978
Kenya,KE,KEN,404,KEN,2018,49953304,1604.802164,90812256667,4.689819761,62.676,1.266408803
Kenya,KE,KEN,404,KEN,2019,50951450,1653.828194,98774891656,5.235859994,62.943,1.16769139
Kenya,KE,KEN,404,KEN,2020,51985780,1616.868131,98931055474,5.404814672,62.675,1.113932707
Kenya,KE,KEN,404,KEN,2021,53005614,1704.966576,1.09E+11,6.110909164,,1.119109123
Kiribati,KI,KIR,296,KIR,2009,105996,1341.759523,182742785.8,9.816438845,64.892,
Kiribati,KI,KIR,296,KIR,2010,107995,1302.170429,227783892.9,-3.899550407,65.016,
Kiribati,KI,KIR,296,KIR,2011,109871,1302.496282,251816400.2,1.497409799,65.19,
Kiribati,KI,KIR,296,KIR,2012,111618,1347.961162,287381445.4,-3.045862928,65.378,
Kiribati,KI,KIR,296,KIR,2013,113311,1383.079293,303928364.5,-1.488059085,65.588,
Kiribati,KI,KIR,296,KIR,2014,114985,1348.002045,336275464.2,2.103985209,65.815,
Kiribati,KI,KIR,296,KIR,2015,116707,1459.133021,351401096.8,0.572015744,66.059,
Kiribati,KI,KIR,296,KIR,2016,118513,1430.026337,318153434.4,1.917310902,66.332,
Kiribati,KI,KIR,296,KIR,2017,120362,1404.613346,359252759,0.355520889,66.597,
Kiribati,KI,KIR,296,KIR,2018,122261,1455.727166,366539898.4,0.564030491,66.855,
Kiribati,KI,KIR,296,KIR,2019,124241,1424.797555,372873826.9,-1.813079953,67.15,
Kiribati,KI,KIR,296,KIR,2020,126463,1392.106596,337548689,,67.266,
Kiribati,KI,KIR,296,KIR,2021,128874,1386.55372,376051682.7,,,
Lao People's Democratic Republic,LA,LAO,418,LAO,2009,6229930,1466.089087,5670990841,0.141187675,63.273,0.217194753
Lao People's Democratic Republic,LA,LAO,418,LAO,2010,6323418,1567.577628,6679604406,5.982545216,63.973,0.204567129
Lao People's Democratic Republic,LA,LAO,418,LAO,2011,6416327,1669.066415,8157262171,7.568988561,64.736,0.212126552
Lao People's Democratic Republic,LA,LAO,418,LAO,2012,6508803,1777.410213,9584412356,4.255126778,65.355,0.199455065
Lao People's Democratic Republic,LA,LAO,418,LAO,2013,6600742,1893.326627,11338527569,6.371427178,65.718,0.189895182
Lao People's Democratic Republic,LA,LAO,418,LAO,2014,6691454,2009.825534,12693403960,4.129243069,66.361,
Lao People's Democratic Republic,LA,LAO,418,LAO,2015,6787419,2125.459057,13784825970,1.277354271,66.67,
Lao People's Democratic Republic,LA,LAO,418,LAO,2016,6891363,2240.416347,15228402733,1.596912276,67.167,
Lao People's Democratic Republic,LA,LAO,418,LAO,2017,6997917,2358.372664,16170189392,0.825478608,67.434,
Lao People's Democratic Republic,LA,LAO,418,LAO,2018,7105006,2467.955762,17355921381,2.040392669,67.634,
Lao People's Democratic Republic,LA,LAO,418,LAO,2019,7212053,2564.019654,17656109554,3.322558813,68.138,
Lao People's Democratic Republic,LA,LAO,418,LAO,2020,7319399,2539.124525,17853650705,5.10407263,68.497,
Lao People's Democratic Republic,LA,LAO,418,LAO,2021,7425057,2566.277422,17689912749,3.755620367,,
Liberia,LR,LBR,430,LBR,2009,3905066,609.1205965,1623399900,7.427643059,59.194,0.651749771
Liberia,LR,LBR,430,LBR,2010,4019956,627.8053786,1818599900,7.289927969,59.433,0.816738926
Liberia,LR,LBR,430,LBR,2011,4181150,653.1018707,2273155200,8.488167518,59.62,1.05878497
Liberia,LR,LBR,430,LBR,2012,4331740,680.7900122,2529644000,6.831787034,59.913,1.182027432
Liberia,LR,LBR,430,LBR,2013,4427313,723.9591843,2875704600,7.577306817,59.943,1.081236773
Liberia,LR,LBR,430,LBR,2014,4519398,714.18249,2892652000,9.861112856,59.121,1.032529165
Liberia,LR,LBR,430,LBR,2015,4612329,699.6629469,2947075700,7.748696876,59.148,1.051498096
Liberia,LR,LBR,430,LBR,2016,4706097,675.0596106,3117419600,8.834248683,60.416,1.062638322
Liberia,LR,LBR,430,LBR,2017,4796631,678.5791441,3087813500,12.41963239,60.553,0.94000927
Liberia,LR,LBR,430,LBR,2018,4889391,673.411392,2985754800,23.5635149,60.853,0.938216027
Liberia,LR,LBR,430,LBR,2019,4985289,644.1620652,2965834700,,61.104,0.940305254
Liberia,LR,LBR,430,LBR,2020,5087584,612.3842476,2887982500,,60.948,0.914742048
Liberia,LR,LBR,430,LBR,2021,5193416,629.8205547,3297000000,,,0.951294573
Madagascar,MG,MDG,450,MDG,2009,21117092,467.1156493,9470022959,8.954218024,62.734,0.830202949
Madagascar,MG,MDG,450,MDG,2010,21731053,456.7292122,9803373259,9.247321736,62.873,0.652042489
Madagascar,MG,MDG,450,MDG,2011,22348158,451.1275097,11339961189,9.482540486,63.494,0.727707094
Madagascar,MG,MDG,450,MDG,2012,22966240,452.2050135,11207841389,5.713844342,63.544,0.691911721
Madagascar,MG,MDG,450,MDG,2013,23588073,450.4120903,12000180783,5.826429445,63.962,0.677983716
Madagascar,MG,MDG,450,MDG,2014,24215976,453.3834193,12173057050,6.080408111,64.255,0.652799352
Madagascar,MG,MDG,450,MDG,2015,24850912,455.6380397,10894778610,7.404191742,64.339,0.604796547
Madagascar,MG,MDG,450,MDG,2016,25501941,461.7360533,11379471664,6.035758582,64.997,0.594003322
Madagascar,MG,MDG,450,MDG,2017,26169542,467.6550729,12760046042,8.609050754,65.094,0.58002235
Madagascar,MG,MDG,450,MDG,2018,26846541,470.4239036,13299570243,8.594229589,65.27,0.605686111
Madagascar,MG,MDG,450,MDG,2019,27533134,478.9269667,13612309510,5.610514415,65.882,0.62397202
Madagascar,MG,MDG,450,MDG,2020,28225177,433.8382449,12666991180,4.201793122,65.182,0.738679822
Madagascar,MG,MDG,450,MDG,2021,28915653,442.1216039,14172186401,5.812251188,,0.770034303
Malawi,MW,MWI,454,MWI,2009,14298932,341.5071075,6134858374,8.422044277,55.448,0.949704588
Malawi,MW,MWI,454,MWI,2010,14718422,354.5801568,6852465550,7.411590929,56.381,0.718201024
Malawi,MW,MWI,454,MWI,2011,15146094,361.2935942,7888424223,7.622822628,57.455,0.659728504
Malawi,MW,MWI,454,MWI,2012,15581251,357.8262881,5892688582,21.271265,58.679,0.765630689
Malawi,MW,MWI,454,MWI,2013,16024775,366.0145638,5356906885,27.28333333,59.729,1.140185319
Malawi,MW,MWI,454,MWI,2014,16477966,376.2371637,5887200679,23.79206495,60.899,0.8177259
Malawi,MW,MWI,454,MWI,2015,16938942,376.2462048,6153437697,21.86734755,61.378,0.634771027
Malawi,MW,MWI,454,MWI,2016,17405624,375.2537589,5409959444,21.71111321,62.209,0.641960496
Malawi,MW,MWI,454,MWI,2017,17881167,379.8850969,8790346114,11.54339392,62.977,0.764642848
Malawi,MW,MWI,454,MWI,2018,18367883,386.0601122,9716730708,12.42017811,63.276,0.847025846
Malawi,MW,MWI,454,MWI,2019,18867337,396.3168378,10841609606,9.370836056,64.119,1.100342086
Malawi,MW,MWI,454,MWI,2020,19377061,388.9786361,12000796593,8.625514697,63.717,1.067574085
Malawi,MW,MWI,454,MWI,2021,19889742,389.3788187,12398475305,,,0.948969638
Mali,ML,MLI,466,MLI,2009,15032635,695.3944842,9764553708,2.463751886,55.874,1.417282858
Mali,ML,MLI,466,MLI,2010,15529181,708.9304715,10269427724,1.108926907,56.382,1.374566808
Mali,ML,MLI,466,MLI,2011,16039734,708.4186701,12532792055,2.955643952,56.755,1.24103333
Mali,ML,MLI,466,MLI,2012,16514687,682.2878419,11981791174,5.323128471,57.079,1.196405745
Mali,ML,MLI,466,MLI,2013,17004033,677.8611387,12810032895,-0.606736356,57.357,1.161980014
Mali,ML,MLI,466,MLI,2014,17551814,703.2310321,13980008239,0.883814547,57.9,1.520379221
Mali,ML,MLI,466,MLI,2015,18112907,723.5042025,12808995389,1.450690576,58.363,2.360162267
Mali,ML,MLI,466,MLI,2016,18700106,741.7976322,13651411051,-1.799647071,58.731,2.587226876
Mali,ML,MLI,466,MLI,2017,19311355,756.4280706,14864815499,1.759857429,59.132,3.026635517
Mali,ML,MLI,466,MLI,2018,19934298,767.5715929,16560621640,0.299546507,59.393,2.806944707
Mali,ML,MLI,466,MLI,2019,20567424,779.3266223,16584807517,-1.658266948,59.664,2.713526371
Mali,ML,MLI,466,MLI,2020,21224040,745.8859823,16726618172,0.43808894,58.633,3.328144813
Mali,ML,MLI,466,MLI,2021,21904983,744.7604248,18250317610,3.925602831,,2.821948308
Mozambique,MZ,MOZ,508,MOZ,2009,22436660,472.574353,11632660408,3.788613309,53.788,0.705422608
Mozambique,MZ,MOZ,508,MOZ,2010,23073723,489.40667,10744873393,12.42554217,54.198,0.891902273
Mozambique,MZ,MOZ,508,MOZ,2011,23760421,510.5144038,14126352399,11.16660561,54.869,0.826553225
Mozambique,MZ,MOZ,508,MOZ,2012,24487611,531.3090175,16275337948,2.60245457,55.639,0.850726008
Mozambique,MZ,MOZ,508,MOZ,2013,25251731,551.1102525,16915730890,4.261352509,56.492,0.93018223
Mozambique,MZ,MOZ,508,MOZ,2014,26038704,573.9955792,17514171456,2.559748758,57.274,0.980759494
Mozambique,MZ,MOZ,508,MOZ,2015,26843246,594.2265335,15650835893,3.550759674,58.151,0.840285274
Mozambique,MZ,MOZ,508,MOZ,2016,27696493,597.9445939,11701500427,17.41804182,59.038,0.929584557
Mozambique,MZ,MOZ,508,MOZ,2017,28569441,601.3616675,12839427398,15.11320739,59.771,0.987964415
Mozambique,MZ,MOZ,508,MOZ,2018,29423878,604.0071745,14559037037,3.9113344,60.526,1.335336546
Mozambique,MZ,MOZ,508,MOZ,2019,30285595,600.4039411,15113497025,2.781106312,61.166,1.419986943
Mozambique,MZ,MOZ,508,MOZ,2020,31178239,576.0178512,13741900072,3.141691294,61.172,2.020604728
Mozambique,MZ,MOZ,508,MOZ,2021,32077072,573.1126633,15448140157,5.688486991,,1.511190014
Niger,NE,NER,562,NER,2009,16037915,419.1732474,7756099637,0.582906591,57.396,0.982009828
Niger,NE,NER,562,NER,2010,16647543,438.4638813,8283686240,0.804073081,58.367,1.169691196
Niger,NE,NER,562,NER,2011,17283112,432.2975608,9327273320,2.94238514,58.994,1.309803688
Niger,NE,NER,562,NER,2012,17954407,460.0322351,9746583207,0.45508982,59.65,2.144356984
Niger,NE,NER,562,NER,2013,18653199,466.3336744,10626393683,2.29723115,60.239,1.383215316
Niger,NE,NER,562,NER,2014,19372014,478.8551522,11351530351,-0.93028726,60.786,1.769085738
Niger,NE,NER,562,NER,2015,20128124,481.1112995,10161941991,-0.57609037,61.083,
Niger,NE,NER,562,NER,2016,20921743,489.4338107,10734605107,1.653889224,61.629,2.185306217
Niger,NE,NER,562,NER,2017,21737922,494.6166463,11600277119,2.796373189,62.16,2.486945777
Niger,NE,NER,562,NER,2018,22577058,510.5731293,13405989147,2.96760366,62.454,2.471940558
Niger,NE,NER,562,NER,2019,23443393,520.9193984,13479237976,-2.489792651,62.897,2.651043859
Niger,NE,NER,562,NER,2020,24333639,519.6787935,13156292048,2.89819376,61.451,2.434238317
Niger,NE,NER,562,NER,2021,25252722,507.7111299,15188307693,3.837868028,,1.841671602
Nigeria,NG,NGA,566,NGA,2009,156595758,2281.386807,2.80E+11,12.55496039,50.712,0.505855628
Nigeria,NG,NGA,566,NGA,2010,160952853,2397.32403,3.47E+11,13.72020184,50.945,0.539231118
Nigeria,NG,NGA,566,NGA,2011,165463745,2455.74699,3.91E+11,10.84002754,51.357,0.57922702
Nigeria,NG,NGA,566,NGA,2012,170075932,2490.213614,4.42E+11,12.21778174,51.497,0.502541122
Nigeria,NG,NGA,566,NGA,2013,174726123,2585.647719,4.94E+11,8.475827285,51.707,0.469695301
Nigeria,NG,NGA,566,NGA,2014,179379016,2677.494122,5.55E+11,8.062485824,51.791,0.414718775
Nigeria,NG,NGA,566,NGA,2015,183995785,2679.554765,4.80E+11,9.009387183,51.841,0.417636537
Nigeria,NG,NGA,566,NGA,2016,188666931,2570.960278,3.96E+11,15.67534055,52.043,0.43294778
Nigeria,NG,NGA,566,NGA,2017,193495907,2527.00012,3.64E+11,16.52353998,52.305,0.430671215
Nigeria,NG,NGA,566,NGA,2018,198387623,2512.080983,4.02E+11,12.09473155,52.554,0.506944514
Nigeria,NG,NGA,566,NGA,2019,203304492,2505.462745,4.33E+11,11.39679497,52.91,0.459170522
Nigeria,NG,NGA,566,NGA,2020,208327405,2401.1839,4.16E+11,13.24602343,52.887,0.627907835
Nigeria,NG,NGA,566,NGA,2021,213401323,2429.585781,4.24E+11,16.95284572,,0.970249204
Pakistan,PK,PAK,586,PAK,2009,190123222,1150.672105,1.64E+11,13.64776506,64.14,3.265223993
Pakistan,PK,PAK,586,PAK,2010,194454498,1143.117978,1.74E+11,12.93887056,64.436,3.423690973
Pakistan,PK,PAK,586,PAK,2011,198602738,1150.002831,2.11E+11,11.91609271,64.648,3.285650816
Pakistan,PK,PAK,586,PAK,2012,202205861,1169.123158,2.21E+11,9.682351861,64.782,3.484398773
Pakistan,PK,PAK,586,PAK,2013,205337562,1201.908371,2.28E+11,7.692156119,65.15,3.470972507
Pakistan,PK,PAK,586,PAK,2014,208251628,1240.489561,2.40E+11,7.189384028,65.284,3.47657944
Pakistan,PK,PAK,586,PAK,2015,210969298,1282.443153,2.66E+11,2.529328173,65.697,3.551387243
Pakistan,PK,PAK,586,PAK,2016,213524840,1337.123374,3.08E+11,3.765119164,65.88,3.59474547
Pakistan,PK,PAK,586,PAK,2017,216379655,1377.969674,3.34E+11,4.08537368,66.297,3.774448861
Pakistan,PK,PAK,586,PAK,2018,219731479,1440.425395,3.51E+11,5.078057259,66.482,4.129131364
Pakistan,PK,PAK,586,PAK,2019,223293280,1452.851573,3.15E+11,10.5783618,66.756,4.108816358
Pakistan,PK,PAK,586,PAK,2020,227196741,1409.697601,2.95E+11,9.739993139,66.269,4.031742619
Pakistan,PK,PAK,586,PAK,2021,231402117,1473.8649,3.44E+11,9.496210561,,3.833274095
Papua New Guinea,PG,PNG,598,PNG,2009,7358890,2016.193379,10764021487,6.918325326,62.788,0.447943023
Papua New Guinea,PG,PNG,598,PNG,2010,7583269,2154.703794,13182430368,6.013608936,63.039,0.325144509
Papua New Guinea,PG,PNG,598,PNG,2011,7806637,2116.233633,16272984521,4.44083401,63.526,0.356925097
Papua New Guinea,PG,PNG,598,PNG,2012,8026545,2154.109275,20198065704,4.537205082,63.733,0.519471739
Papua New Guinea,PG,PNG,598,PNG,2013,8245627,2177.080089,19541616708,4.96031746,63.961,0.494331636
Papua New Guinea,PG,PNG,598,PNG,2014,8464153,2408.118744,22808959941,5.222117202,64.259,0.487315011
Papua New Guinea,PG,PNG,598,PNG,2015,8682174,2502.084291,21327883145,5.995957781,64.701,0.483758051
Papua New Guinea,PG,PNG,598,PNG,2016,8899169,2575.078674,20529201245,6.673728814,64.84,0.417619817
Papua New Guinea,PG,PNG,598,PNG,2017,9114796,2603.026316,22294230776,5.42204568,65.103,0.403221124
Papua New Guinea,PG,PNG,598,PNG,2018,9329227,2536.094181,23492325520,4.374489215,65.182,0.37621677
Papua New Guinea,PG,PNG,598,PNG,2019,9542486,2590.505153,23707267070,3.928672909,65.474,0.411073404
Papua New Guinea,PG,PNG,598,PNG,2020,9749640,2455.155984,23577972803,4.871673986,65.787,0.416646928
Papua New Guinea,PG,PNG,598,PNG,2021,9949437,2413.070976,25499665356,4.48359014,,0.375261409
Rwanda,RW,RWA,646,RWA,2009,10043737,558.0410002,5634800934,12.94439784,61.958,1.39938938
Rwanda,RW,RWA,646,RWA,2010,10309031,583.5573776,6070263126,-0.246128693,62.54,1.290515791
Rwanda,RW,RWA,646,RWA,2011,10576932,614.0420025,6824148997,3.080170692,63.261,1.161239415
Rwanda,RW,RWA,646,RWA,2012,10840334,650.8950427,7547976534,10.27101823,64.009,1.090720961
Rwanda,RW,RWA,646,RWA,2013,11101350,665.5900011,7684191725,5.92426868,64.426,1.082065328
Rwanda,RW,RWA,646,RWA,2014,11368451,690.0356387,8045944993,2.354490528,64.94,1.134412733
Rwanda,RW,RWA,646,RWA,2015,11642959,733.4411218,8377080753,2.528502842,65.298,1.252583459
Rwanda,RW,RWA,646,RWA,2016,11930899,758.4752948,8452521208,7.17434302,65.737,1.282656297
Rwanda,RW,RWA,646,RWA,2017,12230339,769.3260348,8961396748,8.279536723,65.941,1.264674914
Rwanda,RW,RWA,646,RWA,2018,12531808,815.2349307,9294712978,-0.31121016,66.251,1.251740352
Rwanda,RW,RWA,646,RWA,2019,12835028,871.2795214,10008305994,3.34787655,66.437,1.239645168
Rwanda,RW,RWA,646,RWA,2020,13146362,822.0738135,9947623076,9.850399023,66.774,1.447480328
Rwanda,RW,RWA,646,RWA,2021,13461888,890.1872011,10844261645,-0.391346748,,1.545324421
Sao Tome and Principe,ST,STP,678,STP,2009,178128,1331.153513,187536255.7,16.9574758,65.116,
Sao Tome and Principe,ST,STP,678,STP,2010,182138,1388.705458,197242887.9,13.34005235,65.249,
Sao Tome and Principe,ST,STP,678,STP,2011,186044,1419.345276,232290168,14.32716676,64.902,
Sao Tome and Principe,ST,STP,678,STP,2012,189924,1434.033596,245986799.5,10.63793534,65.746,
Sao Tome and Principe,ST,STP,678,STP,2013,193757,1473.344656,303142986.2,8.105832709,66.328,
Sao Tome and Principe,ST,STP,678,STP,2014,197497,1540.119571,352225165.2,6.99849944,66.845,
Sao Tome and Principe,ST,STP,678,STP,2015,201124,1571.49854,315036266.3,5.250170864,67.249,
Sao Tome and Principe,ST,STP,678,STP,2016,204632,1608.885678,346448959.6,5.432710958,67.492,
Sao Tome and Principe,ST,STP,678,STP,2017,208036,1643.472642,374514125.7,5.695088786,68.267,
Sao Tome and Principe,ST,STP,678,STP,2018,211344,1665.395716,412353809.7,7.857064313,68.355,
Sao Tome and Principe,ST,STP,678,STP,2019,214599,1676.396313,425925039.7,,68.523,
Sao Tome and Principe,ST,STP,678,STP,2020,218641,1695.171283,477536661.7,,67.785,
Sao Tome and Principe,ST,STP,678,STP,2021,223107,1692.43531,532353800.7,,,
Senegal,SN,SEN,686,SEN,2009,12195029,1155.992055,15975442759,-2.248021479,63.923,1.322139908
Senegal,SN,SEN,686,SEN,2010,12530121,1163.227584,15971191680,1.228681197,64.615,1.207104884
Senegal,SN,SEN,686,SEN,2011,12875880,1147.092957,17532439753,3.403228298,65.262,1.287505632
Senegal,SN,SEN,686,SEN,2012,13231833,1160.917535,17359553341,1.418228712,65.457,1.103264176
Senegal,SN,SEN,686,SEN,2013,13595566,1157.115126,18595821653,0.710245487,66.072,1.24860569
Senegal,SN,SEN,686,SEN,2014,13970308,1196.164304,19408862856,-1.090255074,66.452,1.213366003
Senegal,SN,SEN,686,SEN,2015,14356181,1238.126396,17312461340,0.135211934,66.879,1.209099171
Senegal,SN,SEN,686,SEN,2016,14751356,1281.710182,18541863256,0.837284943,67.497,1.602097454
Senegal,SN,SEN,686,SEN,2017,15157793,1339.567997,20409581940,1.318153148,67.75,1.471063
Senegal,SN,SEN,686,SEN,2018,15574909,1384.64207,22515354726,0.460985642,68.097,1.658240078
Senegal,SN,SEN,686,SEN,2019,16000781,1409.970816,22788439046,1.758565176,68.526,1.51347929
Senegal,SN,SEN,686,SEN,2020,16436120,1390.819525,23900827506,2.547434646,68.006,1.4200943
Senegal,SN,SEN,686,SEN,2021,16876720,1436.653614,27041843267,,,1.757913787
Sierra Leone,SL,SLE,694,SLE,2009,6259842,521.2857924,2664969380,7.469018985,52.626,1.076033226
Sierra Leone,SL,SLE,694,SLE,2010,6436698,534.067436,2606465307,7.185662757,53.693,0.972150455
Sierra Leone,SL,SLE,694,SLE,2011,6612385,552.708097,2901403971,6.79138292,54.62,0.865813494
Sierra Leone,SL,SLE,694,SLE,2012,6788587,620.0951227,3924034071,6.587762394,55.451,0.782800531
Sierra Leone,SL,SLE,694,SLE,2013,6964859,729.6076476,4893437932,5.52412878,56.313,0.643965907
Sierra Leone,SL,SLE,694,SLE,2014,7140688,744.070038,4896148549,4.639311714,56.393,0.973262106
Sierra Leone,SL,SLE,694,SLE,2015,7314773,576.7402317,4162054006,6.689435625,57.189,0.923453252
Sierra Leone,SL,SLE,694,SLE,2016,7493913,597.0429072,3276983581,10.88606094,58.404,1.116382358
Sierra Leone,SL,SLE,694,SLE,2017,7677565,607.1941877,3629620900,18.2215094,58.652,1.093816897
Sierra Leone,SL,SLE,694,SLE,2018,7861281,613.5494617,3798493994,16.02954477,59.796,0.751992569
Sierra Leone,SL,SLE,694,SLE,2019,8046828,630.8960175,4025178583,14.80499909,60.255,0.672477268
Sierra Leone,SL,SLE,694,SLE,2020,8233970,604.4173022,3985252722,13.44687111,59.763,0.546605435
Sierra Leone,SL,SLE,694,SLE,2021,8420641,615.277953,3995815732,11.87395888,,0.609065851
Solomon Islands,SB,SLB,90,SLB,2009,527833,1895.00717,749701514.6,7.092717169,68.466,
Solomon Islands,SB,SLB,90,SLB,2010,540394,2030.657654,854225854.1,1.051481633,68.732,
Solomon Islands,SB,SLB,90,SLB,2011,553721,2129.029153,990041943.1,7.34270706,68.908,
Solomon Islands,SB,SLB,90,SLB,2012,567763,2127.577087,1128048551,5.912006025,69.084,
Solomon Islands,SB,SLB,90,SLB,2013,582365,2182.873855,1289728667,5.391363886,69.188,
Solomon Islands,SB,SLB,90,SLB,2014,597375,2153.332519,1320302211,5.165902379,69.234,
Solomon Islands,SB,SLB,90,SLB,2015,612660,2134.802451,1283707481,-0.574469286,69.583,
Solomon Islands,SB,SLB,90,SLB,2016,628102,2197.985123,1336636006,0.512485626,69.801,
Solomon Islands,SB,SLB,90,SLB,2017,643634,2210.908438,1440168319,0.48868676,69.988,
Solomon Islands,SB,SLB,90,SLB,2018,659249,2217.814196,1594891896,3.46147485,70.173,
Solomon Islands,SB,SLB,90,SLB,2019,674993,2203.980332,1602564477,1.63485544,70.382,
Solomon Islands,SB,SLB,90,SLB,2020,691191,2079.537416,1572053315,2.963549921,70.199,
Solomon Islands,SB,SLB,90,SLB,2021,707851,2026.482459,1649438762,-0.115437894,,
Somalia,SO,SOM,706,SOM,2009,11730037,,,,51.853,
Somalia,SO,SOM,706,SOM,2010,12026649,,,,50.563,
Somalia,SO,SOM,706,SOM,2011,12216837,,,,51.304,
Somalia,SO,SOM,706,SOM,2012,12440326,,,,53.161,
Somalia,SO,SOM,706,SOM,2013,12852485,334.7075596,4545000000,,53.843,
Somalia,SO,SOM,706,SOM,2014,13309235,348.4134631,4994349992,,54.277,
Somalia,SO,SOM,706,SOM,2015,13763906,387.6079944,5305760750,,54.857,
Somalia,SO,SOM,706,SOM,2016,14292847,405.1115802,5503680222,,55.044,
Somalia,SO,SOM,706,SOM,2017,14864221,398.69182,5576438927,,55.654,
Somalia,SO,SOM,706,SOM,2018,15411094,413.503862,5821908806,,56.375,
Somalia,SO,SOM,706,SOM,2019,15981300,428.4831158,6449308553,,57.078,
Somalia,SO,SOM,706,SOM,2020,16537016,424.3923168,6844967094,,55.967,
Somalia,SO,SOM,706,SOM,2021,17065581,427.8996712,7585987106,,,
South Sudan,SS,SSD,728,SSD,2011,10243050,2082.359964,8550148980,46.85217572,54.94,6.094415322
South Sudan,SS,SSD,728,SSD,2012,10701604,1074.654868,11486155559,45.52589784,55.865,8.771124113
South Sudan,SS,SSD,728,SSD,2013,11106031,1171.482379,17413371593,-0.058090978,55.751,6.572757484
South Sudan,SS,SSD,728,SSD,2014,11213284,1199.421045,11954212847,1.674299063,54.973,8.619559859
South Sudan,SS,SSD,728,SSD,2015,11194299,1071.777765,10522802564,52.76633042,55.566,10.56146145
Sri Lanka,LK,LKA,144,LKA,2009,20123508,2876.650902,41580810963,3.464963221,69.187,3.16189871
Sri Lanka,LK,LKA,144,LKA,2010,20261738,3086.044014,58019016242,6.217648893,73.215,2.70074784
Sri Lanka,LK,LKA,144,LKA,2011,20398496,3331.104555,67101718651,6.716768436,73.38,2.683157721
Sri Lanka,LK,LKA,144,LKA,2012,20425000,3613.955888,69233360203,7.542913732,73.906,2.155199512
Sri Lanka,LK,LKA,144,LKA,2013,20585000,3731.156063,75248928949,6.908450348,74.239,2.154048243
Sri Lanka,LK,LKA,144,LKA,2014,20778000,3932.260482,80720433640,3.179002282,74.651,2.412647012
Sri Lanka,LK,LKA,144,LKA,2015,20970000,4060.131785,83118685911,3.768367831,74.927,2.553055
Sri Lanka,LK,LKA,144,LKA,2016,21203000,4218.444016,85816575847,3.958888466,75.331,2.114142415
Sri Lanka,LK,LKA,144,LKA,2017,21444000,4440.511975,92061622970,7.704137679,75.403,2.119696641
Sri Lanka,LK,LKA,144,LKA,2018,21670000,4495.710893,92095788075,2.135037737,75.748,1.842977531
Sri Lanka,LK,LKA,144,LKA,2019,21803000,4458.434854,86545585357,3.528393582,76.008,1.845844764
Sri Lanka,LK,LKA,144,LKA,2020,21919000,4280.849067,83069588981,6.153945084,76.393,1.878683444
Sri Lanka,LK,LKA,144,LKA,2021,22156000,4375.947708,86882788616,7.014780712,,1.875538786
"Tanzania, United Republic of",TZ,TZA,834,TZA,2009,43957933,766.6619873,28784039014,12.14222787,58.894,0.757193066
"Tanzania, United Republic of",TZ,TZA,834,TZA,2010,45110527,794.4538574,31436647589,6.200155956,60.105,0.896024084
"Tanzania, United Republic of",TZ,TZA,834,TZA,2011,46416031,831.3903198,34011367464,12.69096947,61.049,0.903150747
"Tanzania, United Republic of",TZ,TZA,834,TZA,2012,47786137,843.9389038,39076481542,16.00109385,62.03,0.913799354
"Tanzania, United Republic of",TZ,TZA,834,TZA,2013,49253643,874.3674927,44974791751,7.870723646,62.96,0.972362603
"Tanzania, United Republic of",TZ,TZA,834,TZA,2014,50814552,904.6152344,49140085054,6.13161433,63.873,1.015761009
"Tanzania, United Republic of",TZ,TZA,834,TZA,2015,52542823,928.8064575,46478408726,5.58816953,64.651,1.091369867
"Tanzania, United Republic of",TZ,TZA,834,TZA,2016,54401802,958.7219238,48664271399,5.174766293,65.386,1.093691934
"Tanzania, United Republic of",TZ,TZA,834,TZA,2017,56267032,989.8928223,52106629424,5.318716052,65.999,1.055796282
"Tanzania, United Republic of",TZ,TZA,834,TZA,2018,58090443,1011.082642,56210502157,3.494458489,66.535,1.055236597
"Tanzania, United Republic of",TZ,TZA,834,TZA,2019,59872579,1037.940308,61908444374,3.46428058,66.989,1.01776679
"Tanzania, United Republic of",TZ,TZA,834,TZA,2020,61704518,1027.285889,62347075302,3.290290628,66.408,1.026223835
"Tanzania, United Republic of",TZ,TZA,834,TZA,2021,63588334,1039.564575,67628157576,3.690919588,,1.067427351
Timor-Leste,TL,TLS,626,TLS,2009,1065540,1112.923616,2523550415,0.669681186,64.854,1.140173772
Timor-Leste,TL,TLS,626,TLS,2010,1088486,1191.103027,3325058468,6.765976802,65.304,0.65993948
Timor-Leste,TL,TLS,626,TLS,2011,1112976,1234.275623,4580949264,13.49984024,65.697,0.361322797
Timor-Leste,TL,TLS,626,TLS,2012,1137676,1266.144874,4318116383,11.80030967,66.081,0.500494678
Timor-Leste,TL,TLS,626,TLS,2013,1161555,1278.595048,4151753016,10.98723442,66.44,0.560780913
Timor-Leste,TL,TLS,626,TLS,2014,1184830,1309.533178,3337510215,0.848838206,66.787,0.732288525
Timor-Leste,TL,TLS,626,TLS,2015,1205813,1322.300913,2792624634,0.646148614,67.137,1.190536013
Timor-Leste,TL,TLS,626,TLS,2016,1224562,1346.103695,2230612540,-1.469842879,67.446,1.039944466
Timor-Leste,TL,TLS,626,TLS,2017,1243235,1285.344704,2268489892,0.52297668,67.745,0.916943365
Timor-Leste,TL,TLS,626,TLS,2018,1261845,1257.646807,2243668005,2.29424307,68.017,0.762205693
Timor-Leste,TL,TLS,626,TLS,2019,1280438,1530.811092,2727266193,0.95881274,68.268,1.23214145
Timor-Leste,TL,TLS,626,TLS,2020,1299995,1988.98252,2386754508,,68.475,1.162197723
Timor-Leste,TL,TLS,626,TLS,2021,1320942,2061.018891,1888203479,,,1.141580714
Togo,TG,TGO,768,TGO,2009,6398624,457.0973281,3360140712,3.71360592,57.011,1.638012563
Togo,TG,TGO,768,TGO,2010,6571855,472.1931168,3405968906,1.445945174,57.304,1.658857988
Togo,TG,TGO,768,TGO,2011,6748672,489.2418286,4106265216,3.563514729,57.925,1.526063748
Togo,TG,TGO,768,TGO,2012,6926635,507.8630152,3879283636,2.577181741,58.073,1.624643118
Togo,TG,TGO,768,TGO,2013,7106229,525.2857211,4346910990,1.825394759,58.684,1.676205361
Togo,TG,TGO,768,TGO,2014,7288383,542.4803268,4621145737,0.190875076,58.853,1.818288863
Togo,TG,TGO,768,TGO,2015,7473229,559.4457465,4321508267,2.58390527,59.396,1.674422895
Togo,TG,TGO,768,TGO,2016,7661354,576.0448928,6075237460,1.285246608,59.55,1.840382387
Togo,TG,TGO,768,TGO,2017,7852795,586.4360796,6400471260,-0.980289496,60.154,1.874542288
Togo,TG,TGO,768,TGO,2018,8046679,600.7851195,7131540392,0.928170504,60.244,1.963332431
Togo,TG,TGO,768,TGO,2019,8243094,618.4905027,7242517959,0.685897591,60.901,3.146217077
Togo,TG,TGO,768,TGO,2020,8442580,614.4613608,7591296131,1.827540385,61.035,2.838985987
Togo,TG,TGO,768,TGO,2021,8644829,631.6538916,8435586628,,,1.783730405
Uganda,UG,UGA,800,UGA,2009,31412520,750.2644072,24723445791,13.01725619,56.488,1.179385231
Uganda,UG,UGA,800,UGA,2010,32341728,769.7903728,26231034731,3.976552885,57.055,2.248163916
Uganda,UG,UGA,800,UGA,2011,33295738,817.9584533,27440502270,16.56434962,57.965,2.294709875
Uganda,UG,UGA,800,UGA,2012,34273295,825.1218147,26729090816,12.67903772,58.817,1.227503204
Uganda,UG,UGA,800,UGA,2013,35273570,830.4803722,28273785413,4.905208757,59.763,0.992555157
Uganda,UG,UGA,800,UGA,2014,36336539,847.3522917,31865562567,3.07570669,60.408,0.979131491
Uganda,UG,UGA,800,UGA,2015,37477356,864.1800623,31759208216,5.589686063,61.086,1.041162488
Uganda,UG,UGA,800,UGA,2016,38748299,875.7962562,28691910589,5.706375046,61.648,1.045656224
Uganda,UG,UGA,800,UGA,2017,40127085,872.1858796,30021045504,5.209717059,62.115,1.096078932
Uganda,UG,UGA,800,UGA,2018,41515395,896.1625351,30599853122,2.61601191,62.714,1.225631547
Uganda,UG,UGA,800,UGA,2019,42949080,922.0231773,31947093834,2.867588034,62.991,1.769798079
Uganda,UG,UGA,800,UGA,2020,44404611,918.1201011,33392751550,3.313322895,62.851,2.597144665
Uganda,UG,UGA,800,UGA,2021,45853778,920.5476177,35086225848,2.204572048,,2.42385397
Vanuatu,VU,VUT,548,VUT,2009,239689,2779.443169,570475285.9,4.29706573,69.653,
Vanuatu,VU,VUT,548,VUT,2010,245453,2748.341033,649213208.1,2.762694695,69.617,
Vanuatu,VU,VUT,548,VUT,2011,251294,2768.74618,751131990.7,0.873793105,69.551,
Vanuatu,VU,VUT,548,VUT,2012,257313,2731.291868,704726363.5,1.347403629,69.497,
Vanuatu,VU,VUT,548,VUT,2013,263534,2679.174595,757991099.2,1.458933718,69.534,
Vanuatu,VU,VUT,548,VUT,2014,269927,2697.772221,784483866,0.798863838,69.465,
Vanuatu,VU,VUT,548,VUT,2015,276438,2643.886085,743900346.1,2.483268757,69.513,
Vanuatu,VU,VUT,548,VUT,2016,283218,2701.591433,798348793.7,0.842069084,69.65,
Vanuatu,VU,VUT,548,VUT,2017,290239,2802.778091,882373517,3.084526244,69.71,
Vanuatu,VU,VUT,548,VUT,2018,297298,2815.586291,941313836.5,2.330963796,69.795,
Vanuatu,VU,VUT,548,VUT,2019,304404,2838.98741,1015445239,2.762520194,69.877,
Vanuatu,VU,VUT,548,VUT,2020,311685,2623.048083,985206873.8,5.329350731,70.299,
Vanuatu,VU,VUT,548,VUT,2021,319137,2573.307716,1049443084,2.343283582,,
Zambia,ZM,ZMB,894,ZMB,2009,13318087,1125.089048,14909632548,13.39525463,55.3,1.441530462
Zambia,ZM,ZMB,894,ZMB,2010,13792086,1198.304817,18902559484,8.501761334,56.799,1.382592547
Zambia,ZM,ZMB,894,ZMB,2011,14265814,1222.979058,22302537248,6.429396811,57.771,1.31763957
Zambia,ZM,ZMB,894,ZMB,2012,14744658,1273.161306,25071084452,6.575899708,58.867,1.357868638
Zambia,ZM,ZMB,894,ZMB,2013,15234976,1294.50077,26888392774,6.977676055,59.878,1.359736572
Zambia,ZM,ZMB,894,ZMB,2014,15737793,1312.014433,26589065800,7.806875536,60.699,1.633868392
Zambia,ZM,ZMB,894,ZMB,2015,16248230,1307.909649,20839208733,10.11059289,61.208,1.75323438
Zambia,ZM,ZMB,894,ZMB,2016,16767761,1315.250562,20311304651,17.86973008,61.794,1.429304719
Zambia,ZM,ZMB,894,ZMB,2017,17298054,1319.607777,24726787497,6.577311542,62.12,1.309596105
Zambia,ZM,ZMB,894,ZMB,2018,17835893,1331.449244,25904785013,7.494571927,62.342,1.409462391
Zambia,ZM,ZMB,894,ZMB,2019,18380477,1310.622224,22904080807,9.150316443,62.793,1.219374502
Zambia,ZM,ZMB,894,ZMB,2020,18927715,1237.283303,17601655546,15.73258514,62.38,1.154225462
Zambia,ZM,ZMB,894,ZMB,2021,19473125,1257.934757,20225790733,22.02123429,,1.304765272
Zimbabwe,ZW,ZWE,716,ZWE,2009,12679810,914.4945745,8811048664,,48.063,
Zimbabwe,ZW,ZWE,716,ZWE,2010,12839771,1096.835479,11074562480,3.022670025,50.652,0.816251453
Zimbabwe,ZW,ZWE,716,ZWE,2011,13025785,1239.241794,12515356910,3.466129728,53.347,1.407162105
Zimbabwe,ZW,ZWE,716,ZWE,2012,13265331,1408.457168,15245882380,3.725326661,55.626,1.859608531
Zimbabwe,ZW,ZWE,716,ZWE,2013,13555422,1422.376711,17220872390,1.634950415,57.458,1.868419674
Zimbabwe,ZW,ZWE,716,ZWE,2014,13855753,1412.204012,17300432230,-0.19778481,58.846,1.888079606
Zimbabwe,ZW,ZWE,716,ZWE,2015,14154937,1410.329174,17604879510,-2.430968424,59.591,1.88687572
Zimbabwe,ZW,ZWE,716,ZWE,2016,14452704,1393.717011,18002592270,-1.543669601,60.306,1.720990852
Zimbabwe,ZW,ZWE,716,ZWE,2017,14751101,1421.24077,15593754987,0.893962316,60.709,0.387831394
Zimbabwe,ZW,ZWE,716,ZWE,2018,15052184,1462.59028,33442898975,10.61886587,61.414,0.309322838
Zimbabwe,ZW,ZWE,716,ZWE,2019,15354608,1342.989587,21487836444,255.3049908,61.292,0.534804135
Zimbabwe,ZW,ZWE,716,ZWE,2020,15669666,1213.117058,21031595049,557.2018174,61.124,0.005400376
Zimbabwe,ZW,ZWE,716,ZWE,2021,15993524,1289.199068,27672250575,98.54610509,,0.013530071
